fetch_time,orcid_id,doi,title,journal,year,month,date,name,en_name
2026-03-28 06:59:01,0000-0003-4717-2814,10.3390/inorganics13100316,Theoretical Study on the <i>Ortho</i>–<i>Para</i> Reactivity Difference in Ru-Catalyzed Amination of Aminopyridines via η<sup>6</sup>-Coordination: Role of Meisenheimer Intermediate Coordination Ability,Inorganics,2025,9,25,张硕卿和洪鑫,Hong Xin and Zhang Shuo-Qing
2026-03-28 06:59:02,0000-0003-4717-2814,10.1126/science.adu3996,Asymmetric amination of alkyl radicals with two minimally different alkyl substituents,Science,2025,4,18,洪鑫,Hong Xin
2026-03-28 06:59:03,0000-0003-4717-2814,10.1126/sciadv.adr4435,Rhodium-Catalyzed Atropodivergent Hydroamination of Alkynes by Leveraging Two Potential Enantiodetermining Steps,Science Advances,2024,11,29,吴镕凯和洪鑫,Hong Xin and Wu Rong-Kai
2026-03-28 06:59:04,0000-0003-4717-2814,10.3390/molecules23102681,Computational Study of Mechanism and Thermodynamics of Ni/IPr-Catalyzed Amidation of Esters,Molecules,2018,10,18,洪鑫,Hong Xin
2026-03-28 06:59:04,0000-0003-4717-2814,10.1007/s11426-017-9025-1,Ni-mediated C–N activation of amides and derived catalytic transformations,Science China Chemistry,2017,11,0,洪鑫,Hong Xin
2026-03-28 06:59:05,0000-0003-4717-2814,10.1021/acs.joc.7b00407,(2+1)-Cycloaddition Reactions Give Further Evidence of the Nitrenium-like Character of 1-Aza-2-azoniaallene Salts,The Journal of Organic Chemistry,2017,4,7,洪鑫,Hong Xin
2026-03-28 06:59:06,0000-0003-4717-2814,10.1021/jacs.7b00714,Mechanisms and Origins of Chemo- and Regioselectivities of Ru(II)-Catalyzed Decarboxylative C-H Alkenylation of Aryl Carboxylic Acids with Alkynes: A Computational Study,Journal of the American Chemical Society,2017,5,31,张硕卿和洪鑫,Hong Xin and Zhang Shuo-Qing
2026-03-28 06:59:07,0000-0003-4717-2814,10.1021/jacs.6b12329,Palladium-Catalyzed Suzuki-Miyaura Coupling of Aryl Esters,Journal of the American Chemical Society,2017,1,25,洪鑫,Hong Xin
2026-03-28 06:59:07,0000-0003-4717-2814,10.1021/jacs.7b01801,The Origins of Dramatic Differences in Five-Membered vs Six-Membered Chelation of Pd(II) on Efficiency of C(sp(3))-H Bond Activation,Journal of the American Chemical Society,2017,6,28,洪鑫,Hong Xin
2026-03-28 06:59:08,0000-0003-4717-2814,10.1038/ncomms15438,Understanding trends in electrochemical carbon dioxide reduction rates,Nature Communications,2017,5,22,洪鑫,Hong Xin
2026-03-28 06:59:09,0000-0003-4717-2814,10.1021/jacs.6b04113,Distortion-Controlled Reactivity and Molecular Dynamics of Dehydro-Diels-Alder Reactions,Journal of the American Chemical Society,2016,7,6,洪鑫,Hong Xin
2026-03-28 06:59:09,0000-0003-4717-2814,10.1021/acscatal.6b00619,How Doped MoS2 Breaks Transition-Metal Scaling Relations for CO2 Electrochemical Reduction,ACS Catalysis,2016,7,1,洪鑫,Hong Xin
2026-03-28 06:59:10,0000-0003-4717-2814,10.1126/science.aaf4434,Ligand-accelerated enantioselective methylene C(sp(3))-H bond activation,Science,2016,9,2,洪鑫,Hong Xin
2026-03-28 06:59:11,0000-0003-4717-2814,10.1002/anie.201511486,Nickel-Catalyzed Activation of Acyl C-O Bonds of Methyl Esters,Angewandte Chemie International Edition,2016,2,18,洪鑫,Hong Xin
2026-03-28 06:59:12,0000-0003-4717-2814,10.1021/acscatal.5b01075,Computational Exploration of Mechanism and Selectivities of (NHC)Nickel(II)hydride-Catalyzed Hydroalkenylations of Styrene with alpha-Olefins,ACS Catalysis,2015,9,4,洪鑫,Hong Xin
2026-03-28 06:59:12,0000-0003-4717-2814,10.1038/nature14615,Conversion of amides to esters by the nickel-catalysed activation of amide C-N bonds,Nature,2015,8,6,洪鑫,Hong Xin
2026-03-28 06:59:13,0000-0003-4717-2814,10.1021/jacs.5b03488,Iodoarene-Catalyzed Stereospecific Intramolecular sp(3) C-H Amination: Reaction Development and Mechanistic Insights,Journal of the American Chemical Society,2015,6,24,洪鑫,Hong Xin
2026-03-28 06:59:14,0000-0003-4717-2814,10.1021/acs.orglett.5b03171,"Ligand-Controlled Diastereoselective 1,3-Dipolar Cycloadditions of Azomethine Ylides with Methacrylonitrile",Organic Letters,2015,12,18,洪鑫,Hong Xin
2026-03-28 06:59:15,0000-0003-4717-2814,10.1021/jacs.5b04474,Mechanism and Dynamics of Intramolecular C-H Insertion Reactions of 1-Aza-2-azoniaallene Salts,Journal of the American Chemical Society,2015,7,22,洪鑫,Hong Xin
2026-03-28 06:59:15,0000-0003-4717-2814,10.1021/acscentsci.5b00332,Mechanistic Insights into Two-Phase Radical C-H Arylations,ACS Central Science,2015,11,25,洪鑫,Hong Xin
2026-03-28 06:59:16,0000-0003-4717-2814,10.1039/c3sc52882k,Distortion-accelerated cycloadditions and strain-release-promoted cycloreversions in the organocatalytic carbonyl-olefin metathesis,Chem. Sci.,2014,0,0,洪鑫,Hong Xin
2026-03-28 06:59:17,0000-0003-4717-2814,10.1021/ol501958s,How Tethers Control the Chemo- and Regioselectivities of Intramolecular Cycloadditions between Aryl-1-aza-2-azoniaallenes and Alkenes,Organic Letters,2014,8,15,洪鑫,Hong Xin
2026-03-28 06:59:17,0000-0003-4717-2814,10.1021/ja506660c,Mechanism and Selectivity of N-Triflylphosphoramide Catalyzed (3(+)+2) Cycloaddition between Hydrazones and Alkenes,Journal of the American Chemical Society,2014,10,1,洪鑫,Hong Xin
2026-03-28 06:59:18,0000-0003-4717-2814,10.1021/jo502219d,"Mechanism, Reactivity, and Selectivity of Nickel-Catalyzed [4+4+2] Cycloadditions of Dienes and Alkynes",The Journal of Organic Chemistry,2014,12,19,洪鑫,Hong Xin
2026-03-28 06:59:19,0000-0003-4717-2814,10.1021/ja4118413,Mechanisms and Origins of Switchable Chemoselectivity of Ni-Catalyzed C(aryl)-O and C(acyl)-O Activation of Aryl Esters with Phosphine Ligands,Journal of the American Chemical Society,2014,2,5,洪鑫,Hong Xin
2026-03-28 06:59:20,0000-0003-4717-2814,10.1021/ja5105206,Ni(NHC)]-Catalyzed Cycloaddition of Diynes and Tropone: Apparent Enone Cycloaddition Involving an 8 pi Insertion,Journal of the American Chemical Society,2014,12,24,洪鑫,Hong Xin
2026-03-28 06:59:20,0000-0003-4717-2814,10.1021/ja5098308,Reactivity and Chemoselectivity of Allenes in Rh(I)-Catalyzed Intermolecular (5+2) Cycloadditions with Vinylcyclopropanes: Allene-Mediated Rhodacycle Formation Can Poison Rh(I)-Catalyzed Cycloadditions,Journal of the American Chemical Society,2014,12,10,洪鑫,Hong Xin
2026-03-28 06:59:21,0000-0003-4717-2814,10.1021/ol502780w,Why Alkynyl Substituents Dramatically Accelerate Hexadehydro-Diels-Alder (HDDA) Reactions: Stepwise Mechanisms of HDDA Cycloadditions,Organic Letters,2014,11,7,洪鑫,Hong Xin
2026-03-28 06:59:22,0000-0003-4717-2814,10.1021/ja309873z,Mechanism and Origins of Ligand-Controlled Selectivities in [Ni(NHC)]-Catalyzed Intramolecular (5+2) Cycloadditions and Homo-Ene Reactions: A Theoretical Study,Journal of the American Chemical Society,2013,1,30,洪鑫,Hong Xin
2026-03-28 06:59:22,0000-0003-4717-2814,10.1021/ja4012657,Mechanism and Origins of Selectivity in Ru(II)-Catalyzed Intramolecular (5+2) Cycloadditions and Ene Reactions of Vinylcyclopropanes and Alkynes from Density Functional Theory,Journal of the American Chemical Society,2013,5,1,洪鑫,Hong Xin
2026-03-28 06:59:23,0000-0003-4717-2814,10.1039/c1sc00230a,Nickel-catalyzed amination of aryl carbamates and sequential site-selective cross-couplings,Chemical Science,2011,0,0,洪鑫,Hong Xin
2026-03-28 06:59:24,0000-0003-2075-366X,10.1002/anie.202518560,"Data‐Driven Modeling of N,N′‐Dioxide/Metal‐Catalyzed Asymmetric Michael Additions",Angewandte Chemie International Edition,2026,3,16,汤缪炅,Tang Miao-jiong
2026-03-28 06:59:27,0000-0003-2075-366X,10.1038/s41597-024-03933-6,"QM9star, two Million DFT-computed Equilibrium Structures for Ions and Radicals with Atomic Information",Scientific Data,2024,10,21,张硕卿和汤缪炅,Tang Miao-jiong and Zhang Shuo-Qing
2026-03-28 06:59:28,0000-0003-2075-366X,10.1360/tb-2024-0812,数据驱动的有机分子理化性质预测,Chinese Science Bulletin,2024,8,1,汤缪炅,Tang Miao-jiong
2026-03-28 06:59:28,0000-0003-2075-366X,10.1002/asia.202300011,Exploring Spectrum‐based Molecular Descriptors for Reaction Performance Prediction,Chemistry – An Asian Journal,2023,4,3,汤缪炅,Tang Miao-jiong
2026-03-28 06:59:29,0000-0003-2075-366X,10.1055/s-0040-1705977,A Molecular Stereostructure Descriptor Based On Spherical Projection,Synlett,2021,11,0,汤缪炅,Tang Miao-jiong
2026-03-28 06:59:30,0000-0003-2075-366X,10.1002/anie.202106880,Towards Data‐Driven Design of Asymmetric Hydrogenation of Olefins: Database and Hierarchical Learning,Angewandte Chemie International Edition,2021,10,11,汤缪炅,Tang Miao-jiong
2026-03-28 07:05:38,0000-0003-2075-366X,10.1038/s41467-025-67770-w,Unveiling mechanistic patterns of copper-catalyzed radical bond formation through linear free energy relationship,Nature Communications,2025,12,23,张硕卿和汤缪炅,Tang Miao-jiong and Zhang Shuo-Qing
2026-03-28 07:05:39,0000-0003-2075-366X,10.1038/s42256-025-01098-4,A unified pre-trained deep learning framework for cross-task reaction performance prediction and synthesis planning,Nature Machine Intelligence,2025,8,19,汤缪炅,Tang Miao-jiong
2026-03-28 07:05:40,0000-0003-2075-366X,10.1039/d5ob00007f,Using machine learning methods to predict the diabatic bond dissociation energy of non-heme iron complexes,Organic &amp; Biomolecular Chemistry,2025,0,0,汤缪炅,Tang Miao-jiong
2026-03-30 18:56:54,0009-0000-6627-9161,10.1002/asia.202500023,SadPhos Library: A Comprehensive Resource for Exploring Chiral Ligand Chemical Space,Chemistry – An Asian Journal,2025,8,0,俞塽,Yu Chang
2026-03-30 18:56:55,0009-0008-6759-9632,10.1038/s41557-025-02025-1,Stepwise-controllable catalytic asymmetric Atherton–Todd reaction to access diverse P(V)-stereogenic compounds,Nature Chemistry,2026,1,0,钱甘露,Qian Gan-Lu
2026-03-30 18:56:56,0009-0008-6759-9632,10.1021/jacs.5c15900,Unifying Dearomatization and Rearomatization via Stereoselective Chlorination/Dechlorination: Resolution of Axially Chiral 1-Aryl-2-naphthols,Journal of the American Chemical Society,2025,12,17,钱甘露,Qian Gan-Lu
2026-03-30 18:56:57,0009-0008-6759-9632,10.1021/jacs.5c16993,Highly Regio- and Enantioselective Synthesis of 4-Substituted Dihydroisoquinolones Catalyzed by a Planar-Chiral Rhodium(III) Catalyst Bearing a Penta-Substituted Prochiral Cyclopentadienyl Ligand,Journal of the American Chemical Society,2025,11,4,钱甘露,Qian Gan-Lu
2026-03-30 18:56:57,0009-0008-6759-9632,10.31635/ccschem.024.202404401,Mechanism and Origins of Weak Bonding-Controlled Selectivities in Cinchoninium-Catalyzed Umpolung Michael Addition of Imines,CCS Chemistry,2025,6,0,钱甘露,Qian Gan-Lu
2026-03-30 18:56:58,0009-0008-6759-9632,10.1021/acscatal.4c08055,Chiral Phosphoric Acid-Catalyzed Kinetic Resolution of Tertiary Alcohol-Tethered Ynamides via Controllable Hydroalkoxylation,ACS Catalysis,2025,2,7,钱甘露,Qian Gan-Lu
2026-03-30 18:56:59,0009-0008-6759-9632,10.1007/s11426-024-2211-y,Tandem asymmetric dearomatized functionalization reaction of phenols with Evans-ynamides enabled by divergent electrophiles,Science China Chemistry,2025,2,0,钱甘露,Qian Gan-Lu
2026-03-30 18:57:00,0009-0008-6759-9632,10.1021/acscatal.3c01680,"Enantioselective Desymmetrizing Hydroalkoxylation of 1,4- and 1,8-Diynes Enabled by Chiral Brønsted Acid Catalysis",ACS Catalysis,2023,7,7,钱甘露,Qian Gan-Lu
2026-03-30 18:57:00,0009-0008-6759-9632,10.1126/sciadv.adg4648,Brønsted acid–catalyzed asymmetric dearomatization for synthesis of chiral fused polycyclic enone and indoline scaffolds,Science Advances,2023,3,17,钱甘露,Qian Gan-Lu
2026-03-30 18:57:01,0009-0008-6759-9632,10.1021/jacs.2c07944,Syntheses of Bufospirostenin A and Ophiopogonol A by a Conformation-Controlled Transannular Prins Cyclization,Journal of the American Chemical Society,2022,10,5,钱甘露,Qian Gan-Lu
2026-03-30 18:57:02,0000-0003-3184-7573,10.1038/s41557-025-02047-9,Thermal [2+2] cycloaddition as a route to gem-difluoro heterobicyclo[n.1.1]alkanes,Nature Chemistry,2026,2,0,吴镕凯,Wu Rong-Kai
2026-03-30 18:57:03,0000-0003-3184-7573,10.1016/j.gresc.2024.02.001,Metal-free and visible-light-mediated method enables the synthesis of olefins from ketones,Green Synthesis and Catalysis,2025,8,0,吴镕凯,Wu Rong-Kai
2026-03-30 18:57:04,0000-0003-3184-7573,10.1126/sciadv.adr4435,Rhodium-Catalyzed Atropodivergent Hydroamination of Alkynes by Leveraging Two Potential Enantiodetermining Steps,Science Advances,2024,11,29,吴镕凯和洪鑫,Hong Xin and Wu Rong-Kai
2026-03-30 18:57:04,0000-0003-3184-7573,10.1002/chem.202403316,Post‐Transition State Bifurcation Controls Torsional Selectivity in Radical Addition of Allenes,Chemistry – A European Journal,2024,11,21,吴镕凯,Wu Rong-Kai
2026-03-30 18:57:05,0000-0003-3184-7573,10.1021/acs.jpca.3c04215,Benchmark Study of Density Functional Theory Methods in Geometry Optimization of Transition Metal–Dinitrogen Complexes,The Journal of Physical Chemistry A,2023,8,17,吴镕凯和张硕卿,Wu Rong-Kai and Zhang Shuo-Qing
2026-03-30 18:57:06,0000-0003-3184-7573,10.1021/acscatal.3c02350,Visible-Light-Mediated Energy Transfer Enables Cyclopropanes Bearing Contiguous All-Carbon Quaternary Centers,ACS Catalysis,2023,7,21,吴镕凯,Wu Rong-Kai
2026-03-30 18:57:07,0000-0003-3184-7573,10.1038/s44160-023-00325-3,Intermolecular trans-bis-silylation of terminal alkynes,Nature Synthesis,2023,5,22,吴镕凯,Wu Rong-Kai
2026-03-30 18:57:07,0000-0003-3184-7573,10.1021/jacs.2c13086,Direct Incorporation of Dinitrogen into an Aliphatic C–H Bond,Journal of the American Chemical Society,2023,3,29,吴镕凯和张硕卿,Wu Rong-Kai and Zhang Shuo-Qing
2026-03-30 18:57:08,0000-0003-3184-7573,10.1038/s41467-022-28088-z,Multicomponent double Mannich alkylamination involving C(sp2)–H and benzylic C(sp3)–H bonds,Nature Communications,2022,1,21,吴镕凯,Wu Rong-Kai
2026-03-30 18:57:09,0000-0002-7617-3042,10.1021/jacsau.5c01603,"Larger Substituents Enhance Stereospecificity in 1,1-Diazene Nitrogen Extrusion through Attenuation of Dynamic Mismatching",JACS Au,2026,2,23,张硕卿,Zhang Shuo-Qing
2026-03-30 18:57:10,0000-0002-7617-3042,10.1038/s41467-025-67770-w,Unveiling mechanistic patterns of copper-catalyzed radical bond formation through linear free energy relationship,Nature Communications,2025,12,23,张硕卿和汤缪炅,Tang Miao-jiong and Zhang Shuo-Qing
2026-03-30 18:57:11,0000-0002-7617-3042,10.1021/jacs.5c15430,Construction of All-Aliphatic Stereocenters via Enantioselective Alkene Hydroalkylation,Journal of the American Chemical Society,2025,11,12,张硕卿,Zhang Shuo-Qing
2026-03-30 18:57:11,0000-0002-7617-3042,10.3390/inorganics13100316,Theoretical Study on the Ortho–Para Reactivity Difference in Ru-Catalyzed Amination of Aminopyridines via η6-Coordination: Role of Meisenheimer Intermediate Coordination Ability,Inorganics,2025,9,25,张硕卿和洪鑫,Hong Xin and Zhang Shuo-Qing
2026-03-30 18:57:12,0000-0002-7617-3042,10.1021/jacs.5c00838,Transfer Learning-Enabled Ligand Prediction for Ni-Catalyzed Atroposelective Suzuki–Miyaura Cross-Coupling Based on Mechanistic Similarity: Leveraging Pd Knowledge for Ni Discovery,Journal of the American Chemical Society,2025,5,7,刘立高和张硕卿,Liu Li-Gao and Zhang Shuo-Qing
2026-03-30 18:57:13,0000-0002-7617-3042,10.1021/acscatal.5c01249,Noninnocent Spectator Ligands Facilitate CO Ligand-Stabilized Mn(I) Metal-Catalyzed Hydrogenation of Urea Derivatives or Carbamates to the More Reactive Formamides,ACS Catalysis,2025,3,21,张硕卿,Zhang Shuo-Qing
2026-03-30 18:57:14,0000-0002-7617-3042,10.26434/chemrxiv-2024-03v52-v2,Proximity Learning-Enabled Ligand Prediction for Ni-Catalyzed Atroposelective Suzuki-Miyaura Cross-Coupling: Leveraging Pd Catalysis Knowledge for Ni Discovery,未知期刊,0,0,0,刘立高和张硕卿,Liu Li-Gao and Zhang Shuo-Qing
2026-03-30 18:57:14,0000-0002-7617-3042,10.1038/s41597-024-03933-6,"QM9star, two Million DFT-computed Equilibrium Structures for Ions and Radicals with Atomic Information",Scientific Data,2024,10,21,张硕卿和汤缪炅,Tang Miao-jiong and Zhang Shuo-Qing
2026-03-30 18:57:15,0000-0002-7617-3042,10.26434/chemrxiv-2024-03v52,Data-Driven Phosphine Ligand Design of Ni-Catalyzed Enantioselective Suzuki–Miyaura Cross-Coupling Reaction for the Synthesis of Biaryl Atropisomers: standing on the shoulder of Pd catalysis giants,未知期刊,0,0,0,刘立高和张硕卿,Liu Li-Gao and Zhang Shuo-Qing
2026-03-30 18:57:16,0000-0002-7617-3042,10.1021/acscatal.3c06042,Recent Advances in Theoretical Studies on Cu-Mediated Bond Formation Mechanisms Involving Radicals,ACS Catalysis,2024,2,16,刘立高和张硕卿,Liu Li-Gao and Zhang Shuo-Qing
2026-03-30 18:57:17,0000-0002-7617-3042,10.1021/acs.jpca.3c04215,Benchmark Study of Density Functional Theory Methods in Geometry Optimization of Transition Metal–Dinitrogen Complexes,The Journal of Physical Chemistry A,2023,8,17,吴镕凯和张硕卿,Wu Rong-Kai and Zhang Shuo-Qing
2026-03-30 18:57:17,0000-0002-7617-3042,10.1002/asia.202300375,An Asynchronous Concerted Mechanism and Its Origin in Lewis Acid‐Mediated Carbonyl‐Olefin [2+2] Cycloaddition,Chemistry – An Asian Journal,2023,7,17,张硕卿,Zhang Shuo-Qing
2026-03-30 18:57:18,0000-0002-7617-3042,10.1038/s41467-023-39283-x,Reaction performance prediction with an extrapolative and interpretable graph model based on chemical knowledge,Nature Communications,2023,6,15,张硕卿,Zhang Shuo-Qing
2026-03-30 18:57:19,0000-0002-7617-3042,10.1038/s41467-023-38872-0,Data-driven design of new chiral carboxylic acid for construction of indoles with C-central and C–N axial chirality via cobalt catalysis,Nature Communications,2023,5,31,张硕卿,Zhang Shuo-Qing
2026-03-30 18:57:20,0000-0002-7617-3042,10.1021/jacs.2c13086,Direct Incorporation of Dinitrogen into an Aliphatic C–H Bond,Journal of the American Chemical Society,2023,3,29,吴镕凯和张硕卿,Wu Rong-Kai and Zhang Shuo-Qing
2026-03-30 18:57:20,0000-0002-7617-3042,10.1038/s44160-022-00233-y,Enantioselectivity prediction of pallada-electrocatalysed C–H activation using transition state knowledge in machine learning,Nature Synthesis,2023,1,30,张硕卿,Zhang Shuo-Qing
2026-03-30 18:57:21,0000-0002-7617-3042,10.1002/chem.202202834,Bridging Chemical Knowledge and Machine Learning for Performance Prediction of Organic Synthesis,Chemistry – A European Journal,2023,1,27,张硕卿,Zhang Shuo-Qing
2026-03-30 18:57:22,0000-0002-7617-3042,10.1002/chem.202380662,Frontispiece: Bridging Chemical Knowledge and Machine Learning for Performance Prediction of Organic Synthesis,Chemistry – A European Journal,2023,1,27,张硕卿,Zhang Shuo-Qing
2026-03-30 18:57:23,0000-0002-7617-3042,10.1021/jacs.2c10126,Identification of Alkoxy Radicals as Hydrogen Atom Transfer Agents in Ce-Catalyzed C–H Functionalization,Journal of the American Chemical Society,2023,1,11,张硕卿,Zhang Shuo-Qing
2026-03-30 18:57:23,0000-0002-7617-3042,10.1039/d3sc00492a,Unsymmetric N-heterocyclic carbene ligand enabled nickel-catalysed arylation of bulky primary and secondary amines,Chemical Science,2023,0,0,张硕卿,Zhang Shuo-Qing
2026-03-30 18:57:24,0000-0002-7617-3042,10.1021/jacs.2c01507,(n-Bu)4NBr-Promoted N2 Splitting to Molybdenum Nitride,Journal of the American Chemical Society,2022,8,10,张硕卿,Zhang Shuo-Qing
2026-03-30 18:57:25,0000-0002-7617-3042,10.1021/acscatal.1c04235,Nickel-Catalyzed Domino Cross-Electrophile Coupling Dicarbofunctionalization Reaction To Afford Vinylcyclopropanes,ACS Catalysis,2021,12,3,张硕卿,Zhang Shuo-Qing
2026-03-30 18:57:26,0000-0002-7617-3042,10.1021/acs.accounts.1c00050,Mechanism and Selectivity Control in Ni- and Pd-Catalyzed Cross-Couplings Involving Carbon–Oxygen Bond Activation,Accounts of Chemical Research,2021,5,4,张硕卿,Zhang Shuo-Qing
2026-03-30 18:57:26,0000-0002-7617-3042,10.1002/anie.202000959,Predicting Regioselectivity in Radical C−H Functionalization of Heterocycles through Machine Learning,Angewandte Chemie International Edition,2020,8,3,张硕卿,Zhang Shuo-Qing
2026-03-30 18:57:27,0000-0002-7617-3042,10.1021/jacs.0c03298,Catalytic and Photochemical Strategies to Stabilized Radicals Based on Anomeric Nucleophiles,Journal of the American Chemical Society,2020,6,24,张硕卿,Zhang Shuo-Qing
2026-03-30 18:57:28,0000-0002-7617-3042,10.1021/acs.orglett.0c00578,Computation-Guided Development of the “Click” ortho-Quinone Methide Cycloaddition with Improved Kinetics,Organic Letters,2020,4,17,张硕卿,Zhang Shuo-Qing
2026-03-30 18:57:29,0000-0002-7617-3042,10.1039/d0sc01898h,Carboxylate breaks the arene C–H bond via a hydrogen-atom-transfer mechanism in electrochemical cobalt catalysis,Chemical Science,2020,0,0,张硕卿,Zhang Shuo-Qing
2026-03-30 18:57:29,0000-0002-7617-3042,10.1039/d0sc01459a,Diastereoselective olefin amidoacylation via photoredox PCET/nickel-dual catalysis: reaction scope and mechanistic insights,Chemical Science,2020,0,0,张硕卿,Zhang Shuo-Qing
2026-03-30 18:57:30,0000-0002-7617-3042,10.1039/d0ob00719f,Understanding the mechanism and reactivity of Pd-catalyzed C–P bond metathesis of aryl phosphines: a computational study,Organic &amp; Biomolecular Chemistry,2020,0,0,张硕卿,Zhang Shuo-Qing
2026-03-30 18:57:31,0000-0002-7617-3042,10.1021/acscatal.9b02636,How Solvents Control the Stereospecificity of Ni-Catalyzed Miyaura Borylation of Allylic Pivalates,ACS Catalysis,2019,10,4,张硕卿,Zhang Shuo-Qing
2026-03-30 18:57:32,0000-0002-7617-3042,10.1021/acs.oprd.9b00205,Aluminum-Catalyzed Selective Hydroboration of Alkenes and Alkynylsilanes,Organic Process Research &amp; Development,2019,8,16,张硕卿,Zhang Shuo-Qing
2026-03-30 18:57:32,0000-0002-7617-3042,10.1021/jacs.9b05583,"Rhodium(III)-Catalyzed Asymmetric Borylative Cyclization of Cyclohexadienone-Containing 1,6-Dienes: An Experimental and DFT Study",Journal of the American Chemical Society,2019,8,14,张硕卿,Zhang Shuo-Qing
2026-03-30 18:57:33,0000-0002-7617-3042,10.1021/acs.organomet.9b00087,Unexpected Stability of CO-Coordinated Palladacycle in Bidentate Auxiliary Directed C(sp3)–H Bond Activation: A Combined Experimental and Computational Study,Organometallics,2019,5,13,张硕卿,Zhang Shuo-Qing
2026-03-30 18:57:34,0000-0002-7617-3042,10.1021/jacs.9b00097,A Unified Explanation for Chemoselectivity and Stereospecificity of Ni-Catalyzed Kumada and Cross-Electrophile Coupling Reactions of Benzylic Ethers: A Combined Computational and Experimental Study,Journal of the American Chemical Society,2019,4,10,张硕卿,Zhang Shuo-Qing
2026-03-30 18:57:35,0000-0002-7617-3042,10.1021/jacs.8b13582,"Nucleophile-Dependent Z/E- and Regioselectivity in the Palladium-Catalyzed Asymmetric Allylic C–H Alkylation of 1,4-Dienes",Journal of the American Chemical Society,2019,4,10,张硕卿,Zhang Shuo-Qing
2026-03-30 18:57:35,0000-0002-7617-3042,10.1021/acs.orglett.9b00633,C–H Acidity and Arene Nucleophilicity as Orthogonal Control of Chemoselectivity in Dual C–H Bond Activation,Organic Letters,2019,4,5,张硕卿,Zhang Shuo-Qing
2026-03-30 18:57:36,0000-0002-7617-3042,10.1055/s-0037-1611662,Engineered Cytochrome c-Catalyzed Lactone-Carbene B–H Insertion,Synlett,2019,3,0,张硕卿,Zhang Shuo-Qing
2026-03-30 18:57:37,0000-0002-7617-3042,10.1021/acsenergylett.8b02483,Tuning the LUMO Energy of an Organic Interphase to Stabilize Lithium Metal Batteries,ACS Energy Letters,2019,3,8,张硕卿,Zhang Shuo-Qing
2026-03-30 18:57:38,0000-0002-7617-3042,10.1039/c9cc05763c,Computational studies on Ni-catalyzed amide C–N bond activation,Chemical Communications,2019,0,0,张硕卿,Zhang Shuo-Qing
2026-03-30 18:57:38,0000-0002-7617-3042,10.1039/c9ob01916b,Divergent pathway and reactivity control of intramolecular arene c-h vinylation by vinyl cations,Organic &amp; Biomolecular Chemistry,2019,0,0,张硕卿,Zhang Shuo-Qing
2026-03-30 18:57:39,0000-0002-7617-3042,10.1002/cjoc.201800420,Enantioselective Intramolecular Desymmetric α-Addition of Cyclohexanone to Propiolamide Catalyzed by Sodium L-Prolinate,Chinese Journal of Chemistry,2019,1,0,张硕卿,Zhang Shuo-Qing
2026-03-30 18:57:40,0000-0002-7617-3042,10.1021/jacs.8b11211,Stereoretentive C(sp3)–S Cross-Coupling,Journal of the American Chemical Society,2018,12,26,张硕卿,Zhang Shuo-Qing
2026-03-30 18:57:41,0000-0002-7617-3042,10.1021/acs.organomet.8b00723,Stepwise versus Concerted Reductive Elimination Mechanisms in the Carbon–Iodide Bond Formation of (DPEphos)RhMeI2 Complex,Organometallics,2018,12,24,张硕卿,Zhang Shuo-Qing
2026-03-30 18:57:41,0000-0002-7617-3042,10.1021/jacs.8b09613,Alternate Heme Ligation Steers Activity and Selectivity in Engineered Cytochrome P450-Catalyzed Carbene-Transfer Reactions,Journal of the American Chemical Society,2018,12,5,张硕卿,Zhang Shuo-Qing
2026-03-30 18:57:42,0000-0002-7617-3042,10.1021/acs.orglett.8b03029,N-Heterocyclic Carbene–Cu-Catalyzed Enantioselective Allenyl Conjugate Addition,Organic Letters,2018,11,2,张硕卿,Zhang Shuo-Qing
2026-03-30 18:57:43,0000-0002-7617-3042,10.1021/jacs.8b07872,Palladium-Catalyzed Selective Five-Fold Cascade Arylation of the 12-Vertex Monocarborane Anion by B–H Activation,Journal of the American Chemical Society,2018,10,24,张硕卿,Zhang Shuo-Qing
2026-03-30 18:57:44,0000-0002-7617-3042,10.1021/acs.joc.8b01764,Rhodium-Catalyzed Asymmetric Addition of Organoboronic Acids to Aldimines Using Chiral Spiro Monophosphite-Olefin Ligands: Method Development and Mechanistic Studies,The Journal of Organic Chemistry,2018,10,5,张硕卿,Zhang Shuo-Qing
2026-03-30 18:57:44,0000-0002-7617-3042,10.1021/acs.organomet.7b00903,Mechanism and Origins of Chemo- and Regioselectivities of Pd-Catalyzed Intermolecular σ-Bond Exchange between Benzocyclobutenones and Silacyclobutanes: A Computational Study,Organometallics,2018,2,26,张硕卿,Zhang Shuo-Qing
2026-03-30 18:57:45,0000-0002-7617-3042,10.1038/s42004-018-0065-4,"Catalytic asymmetric synthesis of chiral trisubstituted heteroaromatic allenes from 1,3-enynes",Communications Chemistry,2018,10,17,张硕卿,Zhang Shuo-Qing
2026-03-30 18:57:46,0000-0002-7617-3042,10.1002/ajoc.201700503,"Copper-Catalyzed Enantioselective Hydroboration of 1,1-Disubstituted Alkenes: Method Development, Applications and Mechanistic Studies",Asian Journal of Organic Chemistry,2018,1,0,张硕卿,Zhang Shuo-Qing
2026-03-30 18:57:47,0000-0002-7617-3042,10.1002/anie.201711229,Copper-Catalyzed Enantioselective Markovnikov Protoboration of α-Olefins Enabled by a Buttressed N-Heterocyclic Carbene Ligand,Angewandte Chemie International Edition,2018,1,26,张硕卿,Zhang Shuo-Qing
2026-03-30 18:57:47,0000-0002-7617-3042,10.1038/s41467-018-04335-0,Coulombic-enhanced hetero radical pairing interactions,Nature Communications,2018,5,17,张硕卿,Zhang Shuo-Qing
2026-03-30 18:57:48,0000-0002-7617-3042,10.1039/c8cc01563e,"Rhodium-catalyzed asymmetric hydroboration of γ,δ-unsaturated amide derivatives: δ-borylated amides",Chemical Communications,2018,0,0,张硕卿,Zhang Shuo-Qing
2026-03-30 18:57:49,0000-0002-7617-3042,10.1021/jacs.7b04973,Mechanism and Origins of Ligand-controlled Stereoselectivity of Ni-Catalyzed Suzuki-Miyaura Coupling with Benzylic Esters: A Computational Study,Journal of the American Chemical Society,2017,9,20,张硕卿,Zhang Shuo-Qing
2026-03-30 18:57:50,0000-0002-7617-3042,10.1021/jacs.7b00714,Mechanisms and Origins of Chemo- and Regioselectivities of Ru(II)-Catalyzed Decarboxylative C–H Alkenylation of Aryl Carboxylic Acids with Alkynes: A Computational Study,Journal of the American Chemical Society,2017,5,31,张硕卿和洪鑫,Hong Xin and Zhang Shuo-Qing
2026-03-30 18:57:50,0000-0002-7617-3042,10.1021/acscatal.7b02132,N-heterocyclic Carbene–Cu-Catalyzed Enantioselective Conjugate Additions with Alkenylboronic Esters as Nucleophiles,ACS Catalysis,2017,9,1,张硕卿,Zhang Shuo-Qing
2026-03-30 18:57:51,0000-0002-7617-3042,10.1039/c5qo00319a,Palladium-catalyzed C(sp3)-H arylation of lactic acid: efficient synthesis of chiral [small beta]-aryl-[small alpha]-hydroxy acids,Organic Chemistry Frontiers,2016,0,0,张硕卿,Zhang Shuo-Qing
2026-03-30 18:57:52,0000-0002-7617-3042,10.1021/acsnano.6b06688,Redox-Activated Light-Up Nanomicelle for Precise Imaging-Guided Cancer Therapy and Real-Time Pharmacokinetic Monitoring,ACS Nano,2016,12,27,张硕卿,Zhang Shuo-Qing
2026-03-30 18:57:53,0000-0002-7617-3042,10.1038/ncomms12901,Stereoselective alkoxycarbonylation of unactivated C(sp3)–H bonds with alkyl chloroformates via Pd(II)/Pd(IV) catalysis,Nature Communications,2016,9,28,张硕卿,Zhang Shuo-Qing
2026-03-30 18:57:53,0000-0002-7617-3042,10.1039/c5cc07879b,Synthesis of chiral [small alpha]-hydroxy acids via palladium-catalyzed C(sp3)-H alkylation of lactic acid,Chemical Communications,2016,0,0,张硕卿,Zhang Shuo-Qing
2026-03-30 18:57:54,0000-0002-7617-3042,10.1002/chem.201405942,Practical Synthesis of anti-β-Hydroxy-α-Amino Acids by PdII-Catalyzed Sequential C(sp3)H Functionalization,Chemistry – A European Journal,2015,2,16,张硕卿,Zhang Shuo-Qing
2026-03-30 18:57:55,0000-0002-7617-3042,10.1021/jacs.5b03989,Stereoselective Synthesis of Chiral β-Fluoro α-Amino Acids via Pd(II)-Catalyzed Fluorination of Unactivated Methylene C(sp3)–H Bonds: Scope and Mechanistic Studies,Journal of the American Chemical Society,2015,7,1,张硕卿,Zhang Shuo-Qing
2026-03-30 18:57:56,0000-0002-7617-3042,10.1039/c4cc06652a,A general and practical palladium-catalyzed monoarylation of [small beta]-methyl C(sp3)-H of alanine,Chem. Commun.,2014,9,16,张硕卿,Zhang Shuo-Qing
2026-03-30 18:57:56,0000-0002-7617-3042,10.1039/c3cc49231a,Palladium(0)-catalyzed cyclopropanation of benzyl bromides via C(sp3)-H bond activation,Chem. Commun.,2014,0,0,张硕卿,Zhang Shuo-Qing
2026-03-30 18:57:57,0000-0002-7617-3042,10.1039/c3sc51993g,Pd(ii)-catalyzed alkoxylation of unactivated C(sp3)-H and C(sp2)-H bonds using a removable directing group: efficient synthesis of alkyl ethers,Chemical Science,2013,0,0,张硕卿,Zhang Shuo-Qing
2026-03-30 18:57:58,0000-0002-7617-3042,10.1039/c3sc51747k,Pd(ii)-catalyzed alkylation of unactivated C(sp3)-H bonds: efficient synthesis of optically active unnatural [small alpha]-amino acids,Chemical Science,2013,0,0,张硕卿,Zhang Shuo-Qing
2026-03-30 18:57:59,0000-0001-5002-7429,10.1021/acscatal.5c07241,"Copper-Catalyzed Intermolecular Asymmetric Transformations of Vinyl Cations via [1,2]-Stevens-Type Rearrangement",ACS Catalysis,2025,12,19,刘立高,Liu Li-Gao
2026-03-30 18:58:00,0000-0001-5002-7429,10.1002/asia.70282,Computational Study on a Copper‐Catalyzed Atroposelective Dehydro‐Diels–Alder Reaction of Ynamide via Vinyl Cation: Mechanistic Investigations and Chiral Induction Model,Chemistry – An Asian Journal,2025,11,0,刘立高,Liu Li-Gao
2026-03-30 18:58:00,0000-0001-5002-7429,10.1016/j.cclet.2025.110870,Copper-catalyzed asymmetric cascade diyne cyclization/Meinwald rearrangement,Chinese Chemical Letters,2025,9,0,刘立高,Liu Li-Gao
2026-03-30 18:58:01,0000-0001-5002-7429,10.1002/anie.202514641,Copper‐Catalyzed Asymmetric [2 + 2 + 2] Cycloaddition of Diynes via Vinyl Cations,Angewandte Chemie International Edition,2025,9,15,刘立高,Liu Li-Gao
2026-03-30 18:58:02,0000-0001-5002-7429,10.1021/acs.orglett.5c01406,"Copper-Catalyzed Formal [4 + 1] Annulation of Diynes with Isoxazoles: Synthesis of Pyrrolo[3,4-<i>b</i>]indoles",Organic Letters,2025,5,23,刘立高,Liu Li-Gao
2026-03-30 18:58:03,0000-0001-5002-7429,10.1021/acscentsci.5c00248,Divergent and Enantioselective Synthesis of Three Types of Chiral Polycyclic N-Heterocycles via Copper-Catalyzed Dearomative Cyclization,ACS Central Science,2025,5,28,刘立高,Liu Li-Gao
2026-03-30 18:58:03,0000-0001-5002-7429,10.1038/s41467-025-59328-7,Ligand-controlled divergent asymmetric C(sp3)−H and C(sp3)−O insertion via vinyl cations,Nature Communications,2025,5,2,刘立高,Liu Li-Gao
2026-03-30 18:58:04,0000-0001-5002-7429,10.1021/jacs.5c00838,Transfer Learning-Enabled Ligand Prediction for Ni-Catalyzed Atroposelective Suzuki–Miyaura Cross-Coupling Based on Mechanistic Similarity: Leveraging Pd Knowledge for Ni Discovery,Journal of the American Chemical Society,2025,5,7,刘立高和张硕卿,Liu Li-Gao and Zhang Shuo-Qing
2026-03-30 18:58:05,0000-0001-5002-7429,10.26434/chemrxiv-2024-03v52-v2,Proximity Learning-Enabled Ligand Prediction for Ni-Catalyzed Atroposelective Suzuki-Miyaura Cross-Coupling: Leveraging Pd Catalysis Knowledge for Ni Discovery,未知期刊,0,0,0,刘立高和张硕卿,Liu Li-Gao and Zhang Shuo-Qing
2026-03-30 18:58:06,0000-0001-5002-7429,10.1002/anie.202418254,Enantioselective Synthesis of Axially Chiral Tetrasubstituted Alkenes by Copper‐Catalyzed C(sp2)–H Functionalization of Arenes with Vinyl Cations,Angewandte Chemie International Edition,2025,2,3,刘立高,Liu Li-Gao
2026-03-30 18:58:06,0000-0001-5002-7429,10.1038/s41467-024-53605-7,Asymmetric Büchner reaction and arene cyclopropanation via copper-catalyzed controllable cyclization of diynes,Nature Communications,2024,10,25,刘立高,Liu Li-Gao
2026-03-30 18:58:07,0000-0001-5002-7429,10.1039/d4qo01623h,"Formal one-carbon insertion into esters <i>via</i> copper-catalyzed diyne cyclization/[1,2]-acyl shift",Organic Chemistry Frontiers,2024,0,0,刘立高,Liu Li-Gao
2026-03-30 18:58:08,0000-0001-5002-7429,10.26434/chemrxiv-2024-03v52,Data-Driven Phosphine Ligand Design of Ni-Catalyzed Enantioselective Suzuki–Miyaura Cross-Coupling Reaction for the Synthesis of Biaryl Atropisomers: standing on the shoulder of Pd catalysis giants,未知期刊,0,0,0,刘立高和张硕卿,Liu Li-Gao and Zhang Shuo-Qing
2026-03-30 18:58:09,0000-0001-5002-7429,10.1021/acscatal.3c06042,Recent Advances in Theoretical Studies on Cu-Mediated Bond Formation Mechanisms Involving Radicals,ACS Catalysis,2024,2,16,刘立高和张硕卿,Liu Li-Gao and Zhang Shuo-Qing
2026-03-30 18:58:09,0000-0001-5002-7429,10.1007/s11426-024-1990-y,Copper-catalyzed enantioselective desymmetrizing C(sp2)--H functionalization of azide-ynamides via α-imino copper carbenes,Science China Chemistry,2024,9,0,刘立高,Liu Li-Gao
2026-03-30 18:58:10,0000-0001-5002-7429,10.1038/s41467-024-46288-7,Enantioselective functionalization of unactivated C(sp3)--H bonds through copper-catalyzed diyne cyclization by kinetic resolution,Nature Communications,2024,3,12,刘立高,Liu Li-Gao
2026-03-30 18:58:11,0000-0001-5002-7429,10.1038/s41467-023-42805-2,Asymmetric formal C–C bond insertion into aldehydes via copper-catalyzed diyne cyclization,Nature Communications,2023,11,3,刘立高,Liu Li-Gao
2026-03-30 18:58:12,0000-0001-5002-7429,10.1039/d3sc01880f,Organocatalytic intramolecular (4 + 2) annulation of enals with ynamides: atroposelective synthesis of axially chiral 7-aryl indolines,Chemical Science,2023,0,0,刘立高,Liu Li-Gao
2026-03-30 18:58:12,0000-0001-5002-7429,10.1002/ange.202303670,Construction of Axially Chiral Arylpyrroles via Atroposelective Diyne Cyclization,Angewandte Chemie,2023,6,5,刘立高,Liu Li-Gao
2026-03-30 18:58:13,0000-0001-5002-7429,10.1021/acs.jpcc.2c07627,Mechanism Investigation on Direct Conversion of Methane over a Mononuclear Rh-ZSM-5 Catalyst: Multiple Roles of CO,The Journal of Physical Chemistry C,2023,3,16,刘立高,Liu Li-Gao
2026-03-30 18:58:14,0000-0001-5002-7429,10.1002/anie.202216923,Copper‐Catalyzed Enantioselective Doyle–Kirmse Reaction of Azide‐Ynamides via α‐Imino Copper Carbenes,Angewandte Chemie International Edition,2023,3,0,刘立高,Liu Li-Gao
2026-03-30 18:58:15,0000-0001-5002-7429,10.1039/d2sc06152j,Copper-catalyzed enantioselective diyne cyclization via C(sp2)–O bond cleavage,Chemical Science,2023,0,0,刘立高,Liu Li-Gao
2026-03-30 18:58:15,0000-0001-5002-7429,10.1021/jacs.2c05586,Transition Metal-Free Hydrogenolysis of Anilines to Arenes Mediated by Lithium Hydride,Journal of the American Chemical Society,2022,9,28,刘立高,Liu Li-Gao
2026-03-30 18:58:16,0000-0001-5002-7429,10.1002/anie.202204603,"Catalyst‐Dependent Stereospecific [3,3]‐Sigmatropic Rearrangement of Sulfoxide‐Ynamides: Divergent Synthesis of Chiral Medium‐Sized N,S‐Heterocycles",Angewandte Chemie International Edition,2022,7,11,刘立高,Liu Li-Gao
